Gene,MET_H_C1,MET_H_C2,MET_H_C3,MET_H_C4,MET_H_C5,MET_L_C1,MET_L_C2,MET_L_C3,MET_L_C4,MET_L_C5
Mir6925,0,0,0,0,0,0,0,0,0,1
Ninj1,992,478,693,321,965,286,456,581,1823,637
Dus2,85,240,127,84,176,112,137,115,211,143
Gtf2h1,1031,1754,1412,745,1653,891,1193,814,1803,936
Tmprss11g,0,13710,391,80,88,101,345,1006,1294,41
Slitrk2,50,0,0,0,0,9,12,15,24,28
Hscb,74,78,101,35,177,105,134,110,228,118
Tnfrsf13c,0,0,0,0,0,0,1,0,9,13
Zfp827,822,599,1540,1117,1680,1225,1900,1043,1586,1437
Fgf23,111,0,28,0,0,0,32,110,175,116
Tm4sf4,0,0,0,0,0,3,12,1,1,1
Mtfr2,76,57,57,14,59,19,67,38,135,61
Chrac1,262,290,381,183,407,208,424,181,510,267
Pum1,3359,5000,5155,2935,5377,3430,4892,2750,5553,3131
Rhbdd2,362,503,351,230,505,317,445,472,570,434
Ccdc25,705,997,1442,688,2122,741,1369,610,1389,549
Tmem104,630,329,583,239,731,256,430,408,715,405
St6gal2,0,0,0,0,0,2,1,11,4,14
D930016D06Rik,360,420,280,270,397,305,367,223,438,389
Fam155a,284,0,0,0,0,6,4,22,15,20
Elovl2,0,0,0,0,0,8,16,1,96,12
Api5,3479,3144,4390,2237,4978,2283,3943,2047,4554,2216
Gpr182,14,0,0,0,0,4,9,16,49,30
1700029N11Rik,0,0,0,0,0,0,0,0,0,0
Gbas,812,832,873,480,1287,571,922,573,1656,732
Gxylt2,225,76,92,133,265,249,216,202,428,231
9330133O14Rik,153,232,250,153,365,266,421,119,249,207
Nsun7,0,0,0,0,0,7,6,12,18,27
S100a7a,0,772,0,0,0,5,4,94,18,14
Rprd1a,442,491,631,335,779,456,599,300,792,389
Slc5a3,2986,1276,9340,4751,9216,5936,6568,2482,9317,3101
Ism1,122,0,55,0,42,31,40,79,96,54
Fam132b,0,88,76,5,87,25,80,54,46,57
Lsm11,335,429,314,170,343,273,272,231,452,302
Scfd1,1411,1420,1480,829,1964,950,1471,680,1690,951
9630028B13Rik,0,0,0,0,0,0,0,0,0,0
Rnd2,16,0,0,0,8,25,48,30,177,47
Klhl26,783,362,857,473,1036,661,821,623,896,628
Ppp2r2c,0,0,0,0,0,9,57,109,53,234
Rspry1,1434,889,1160,679,1553,837,1166,840,1576,827
Fam111a,1530,3176,1240,638,1924,217,844,454,1431,1082
Fgd3,210,953,836,421,1178,1238,1012,1089,888,734
Polr3b,674,1496,1385,824,1681,1015,1358,746,1653,865
Shkbp1,395,693,779,448,948,520,836,558,686,470
Plgrkt,300,652,232,202,536,193,272,225,487,377
B630005N14Rik,533,1159,685,422,949,413,647,487,1137,516
Tcl1b3,0,0,0,0,0,0,0,0,9,0
Mad2l1,573,756,623,302,841,97,409,298,757,389
Zfp644,2142,2134,2404,1586,2837,1704,2448,1776,4008,2134
Ldha,12470,41387,22702,9486,24617,9553,17477,7619,20264,8314
Arid4a,1315,1879,1649,888,2362,1039,1319,1151,2216,1202
Nars,9041,8005,4537,2160,5706,2376,4071,1954,4382,2143
Rfc3,421,385,421,214,529,208,492,232,578,289
Macrod2,0,34,0,0,11,13,33,31,77,56
Mir681,0,0,0,0,0,1,1,0,1,20
B3galt1,41,0,66,8,0,30,30,49,75,82
Dopey2,1189,2244,1941,1311,2431,1700,2464,1491,2200,1711
Slbp,1045,807,990,530,1172,457,828,574,1312,648
1700019B21Rik,0,0,0,0,0,0,0,1,0,0
Amhr2,0,3,0,0,0,5,2,9,1645,157
Rab7b,436,397,668,251,621,191,404,244,741,347
Mir7093,0,0,0,0,0,0,0,0,0,0
Zkscan6,389,727,363,283,559,357,435,253,524,285
Akt3,1458,529,1282,817,1193,505,1001,906,2301,1329
Gm10619,0,0,0,0,0,0,0,0,0,0
Fxyd4,0,0,40,30,308,56,269,33,152,337
Melk,452,592,949,485,1297,372,900,356,771,352
Fgf22,0,0,0,0,0,0,0,0,0,0
Prss2,0,0,0,2036,1579,1,29,1,6,3
Akr1a1,8482,5680,11369,5019,14030,5663,10591,5469,13317,5297
Mis12,828,829,1053,490,1119,462,767,472,1181,480
Myo5b,963,11014,3968,2427,5443,3265,4657,2682,3396,1435
Fam149b,518,444,544,336,710,382,554,398,744,500
Smc2,2042,2140,2187,1216,2464,442,1534,972,2559,1211
Slc20a2,1056,1296,1077,723,1329,710,1195,821,1232,773
Serp2,0,0,0,0,0,17,16,14,19,15
Ccr7,95,0,0,0,64,29,39,27,88,13
Aasdhppt,646,621,562,286,664,380,634,392,776,502
Spire1,1202,1664,664,335,658,265,415,541,1128,456
Rpn2,12567,5703,10691,4846,12517,4749,9183,3955,11820,4331
Smad3,1422,1400,3300,2556,4619,2882,3803,2125,3888,1713
Gipc3,0,0,0,0,0,5,15,16,16,14
H1f0,3205,2764,2855,2305,4728,1251,3060,1221,3531,1990
Grb14,7,0,97,49,326,105,139,114,3828,483
Wdr86,0,0,0,0,0,17,21,30,108,47
Rwdd3,0,0,2,0,27,34,59,49,93,105
Iqcg,0,0,0,0,0,16,35,14,104,124
Snora31,0,17,0,0,0,23,32,33,28,31
Serpina3h,357,568,623,439,411,118,538,605,955,208
Ednrb,2822,253,943,368,723,349,461,791,2790,425
Tmem218,92,0,49,21,125,53,104,71,216,108
Tnfaip3,643,882,712,573,1399,1141,1411,806,743,2663
Six1,38,0,253,1,0,27,64,557,82,50
Tbr1,0,0,0,0,0,0,1,2,1,7
Snrpg,343,633,507,217,666,203,476,185,671,248
Sp100,622,175,2062,1091,3010,1467,2125,801,1953,1109
Naip6,0,0,188,183,304,176,121,84,162,85
1700010K23Rik,0,0,0,0,0,0,0,0,0,0
Trim60,0,0,0,0,0,8,3,0,54,8
Olfr1322,0,0,0,0,0,0,0,0,0,0
Camk2n2,28,0,16,0,35,36,56,40,42,35
Slc17a6,0,50,0,0,0,0,0,0,0,2
Hnrnpm,4586,5765,5898,3027,7761,2590,4584,2820,6251,3338
Dnajc13,5973,4142,4912,2790,5604,2934,4327,2993,5650,3580
Gm4224,0,0,0,0,0,0,0,0,0,0
Mcm10,503,486,664,305,736,95,521,252,566,409
1110002L01Rik,65,244,165,82,191,154,159,165,249,152
Il33,727,4043,7015,4219,9432,883,4990,4423,4946,1839
9230105E05Rik,0,0,0,0,0,12,18,13,4,6
Mapk8,1092,688,582,518,865,499,699,564,975,689
Mir7048,0,0,0,0,0,0,0,0,2,1
Mir6912,0,0,0,0,0,2,2,2,2,9
Mir93,0,0,0,0,0,3,5,1,1,0
Zfp606,208,215,369,341,493,386,541,306,871,530
Agpat2,2010,690,1007,396,1341,469,891,377,842,394
4930425O10Rik,0,0,0,0,0,0,0,0,0,2
Sf3b3,5991,5136,6981,3680,7362,3758,6361,3394,6826,3828
4930447C04Rik,0,0,0,0,0,0,1,2,1,3
Dmap1,365,315,402,223,556,287,490,215,628,346
Bcl11b,0,2443,2,0,100,20,27,152,155,60
Prr23a2,0,0,0,0,0,0,0,0,0,1
Ank,1540,2665,4623,2207,4891,2772,4045,1342,3183,1390
Ywhae,6861,7976,7817,4212,10087,3797,7177,4000,8572,3686
Dalrd3,463,799,1055,921,1655,954,1349,651,1122,809
Tmem11,616,616,669,289,786,336,537,323,711,355
Tnfrsf1a,5571,4617,2960,1630,3203,1168,2135,1927,3522,2096
Lipi,0,0,0,0,0,0,0,0,0,0
Med25,824,1824,1715,882,2520,1203,1852,977,1895,1107
Mir140,0,0,0,0,0,3,1,4,1,0
4930432M17Rik,0,0,0,0,0,0,0,0,0,0
Col4a4,0,0,93,8,0,42,81,73,953,236
Adamts20,0,1,45,64,98,19,60,91,66,109
Carlr,0,0,0,0,0,0,1,0,0,0
Kcnmb1,0,0,38,89,0,118,187,176,114,263
Mitd1,289,303,799,417,1054,552,808,294,726,374
Pdzd9,0,0,0,0,0,2,2,1,1,0
Rapgef3,528,1035,276,272,500,222,299,360,531,405
Zfp507,793,1159,1285,719,1532,945,1311,922,1646,974
Larp7,938,544,1035,479,1080,345,725,383,1025,447
Kcnq3,0,0,0,0,0,7,6,8,11,6
Ptpn22,98,38,259,341,341,178,753,292,315,323
4933412E12Rik,5,0,54,0,65,72,91,37,108,63
Sh2d5,276,3352,211,186,141,153,195,102,134,109
Mrpl48,221,255,367,188,493,191,314,271,469,212
Nxnl1,0,0,0,0,0,0,0,5,11,4
Gng5,849,1128,2042,884,2119,1068,1597,657,1733,752
Fibin,51,401,205,77,379,62,138,101,270,120
Klhl17,458,263,282,292,602,339,411,406,556,475
Clybl,483,289,131,60,259,146,241,163,355,151
Il22ra1,0,1174,163,178,522,109,357,131,271,154
Nfe2l1,8711,6678,7723,3793,8150,3209,5530,4395,9751,4347
Saraf,4645,2305,2624,1266,3204,1438,2305,1594,4074,1560
Pgr15l,0,0,0,0,0,0,0,0,0,1
Cldn2,0,0,115,0,309,91,259,125,273,219
Slco1a1,0,0,0,0,0,0,0,2,0,0
Cyp2c40,0,0,0,0,0,0,0,0,0,0
Tmem45a2,0,0,0,0,0,0,4,22,4,4
5730420D15Rik,0,0,0,0,0,8,5,2,1,5
Olfml2b,4050,621,1729,1709,5606,539,1478,666,1892,623
Degs1,2533,3922,2248,1068,2223,912,1403,1005,2827,1196
Mtif3,288,515,503,265,670,380,566,281,695,306
Poglut1,731,734,1028,698,1349,603,1063,615,1407,776
Olah,0,0,0,0,0,1,4,0,3,1
Gckr,0,0,0,0,0,9,12,4,5,11
Sh3glb2,1068,1015,997,638,1411,777,1123,850,1041,741
Npr2,725,112,472,521,645,626,653,790,1414,1137
Rnf17,138,0,0,0,136,13,30,55,48,37
Clip1,3264,11419,2801,1666,3262,1517,2444,2630,4076,2422
Homer1,858,965,659,476,666,632,755,637,880,873
Atp2b2,0,292,2280,927,1562,1071,3009,517,1158,1324
Fgd6,444,2295,1703,1175,1787,1813,1972,1094,1700,1031
Lpcat2,995,1183,279,209,692,108,226,283,503,646
Vstm2b,0,0,0,0,0,4,11,11,23,39
Pard6b,0,560,728,408,941,783,821,555,812,262
Fam57a,70,9320,677,237,531,252,542,383,524,226
Moxd1,223,4669,3120,1446,3875,440,2376,316,1353,790
Oas1h,0,0,0,0,0,0,0,0,75,8
Hgf,2081,254,363,303,503,79,163,283,335,347
Stx5a,1709,1826,1519,866,2054,1079,1520,892,1866,1229
Ccdc42b,0,0,0,0,0,0,0,0,6,8
Gm10653,0,0,0,0,0,0,2,5,0,2
Stt3b,7744,5086,7527,3396,8385,3897,5974,4321,7746,3938
S100a6,14990,9279,3483,2164,5792,1083,3065,5426,4278,2228
Mir6936,0,0,0,0,0,0,0,0,0,0
Tbcc,256,186,260,190,336,281,393,297,405,235
Csnk1g2,2147,3017,3374,1837,4036,1889,3259,1936,3548,1976
Maf,2122,5277,2229,1319,2114,1086,1227,1821,4189,1525
Gm3435,0,0,0,0,0,6,10,8,14,10
Evi2b,0,0,0,0,0,0,0,0,0,0
Foxj1,0,0,0,0,0,21,47,19,258,273
Rpl6,9272,16103,12075,6168,13340,6517,11832,5806,14474,6686
Pdzd3,0,0,0,0,0,5,2,6,0,5
Rpl39,2783,4588,3535,1954,4195,1651,2872,1600,4933,1985
Tomm22,1203,1768,1543,752,1636,1013,1500,859,1484,801
Ppp1r3b,1690,2017,448,230,1073,348,562,616,786,956
Fam227a,0,0,0,5,23,43,37,48,55,87
Ssbp1,510,600,559,310,793,348,608,265,673,426
4930444P10Rik,0,0,0,0,0,2,1,2,8,7
Ilf3,2395,1853,2168,1444,3145,1515,2408,1679,3198,2060
Pi4k2b,1947,931,1099,737,1529,781,1392,694,1077,655
AY512931,0,0,0,0,0,2,6,0,2,0
Mmachc,191,163,277,106,301,126,236,152,411,211
Smarce1,1655,1077,1599,977,2062,818,1338,692,1999,937
Anxa11,920,830,1203,715,1307,853,1151,833,971,941
Nckap5,58,305,0,16,29,108,52,288,363,209
Psen1,1712,3643,2675,1145,3072,1440,2105,1682,2723,1353
Retnlb,0,0,0,0,583,0,0,1,2,1
Exosc3,412,367,477,216,655,270,510,284,693,302
Zdhhc3,1654,2021,1840,1005,2141,995,1772,1215,1882,1278
Arhgef3,1649,1862,1187,760,1571,706,1118,988,2021,1131
Irgc1,0,0,0,0,0,0,0,2,1,0
Phf11a,0,0,0,0,10,7,22,4,51,14
Olfr235,0,0,0,0,0,0,0,0,0,0
Ccdc40,0,0,0,0,0,19,23,6,117,123
Cntn1,1526,0,102,25,48,25,74,117,61,334
Doc2g,0,69,0,0,61,74,64,70,44,65
Vwde,0,0,0,0,0,0,0,0,6,1
Pigv,93,245,264,111,279,172,306,220,293,187
4933417O13Rik,0,0,0,0,0,0,0,2,0,0
Atrip,255,311,247,176,302,158,281,257,373,298
Ercc6l,286,510,395,168,451,40,331,179,439,276
Meg3,947,1095,965,890,3847,39,149,971,872,1135
Slc43a2,895,1115,1192,670,1531,476,947,1433,2081,1199
Cdx1,0,0,0,0,110,1,0,1,0,0
Bloc1s6,803,578,786,434,1110,625,984,525,1043,517
Brsk2,0,0,0,0,0,0,1,3,8,3
Sall3,0,0,0,0,0,0,0,8,1,2
Olfr1258,0,0,0,0,0,0,2,0,0,0
Mpp2,656,23,77,66,155,49,73,195,203,126
AU022754,0,0,0,0,0,52,31,41,13,54
Hint3,108,130,194,90,265,160,272,176,351,118
Mir3113,0,8,0,0,16,78,59,53,47,46
Fez2,907,465,868,466,953,369,705,526,1270,581
Stk36,300,0,40,51,162,101,116,101,199,114
Mmp28,243,146,245,59,189,129,186,217,171,140
Ccdc150,0,0,0,0,0,4,1,2,5,11
Asb14,0,0,0,0,0,0,8,0,3,21
Sf1,3064,4525,3952,2403,4498,2538,3608,2714,3735,2723
H2-Ke6,217,262,233,112,379,185,279,256,530,304
Tlr1,131,64,287,56,386,162,194,110,295,344
Hltf,1294,1298,1683,1116,2075,1054,1567,956,2325,1114
Ilk,2302,1061,2415,1633,2878,1611,2442,1557,2854,2267
Mon1a,221,665,339,145,495,216,396,295,398,211
Sec61a1,12808,8524,10350,4478,11608,5430,8916,4399,9283,4271
Arhgef40,4658,665,1910,1541,2333,920,1495,1537,1772,1686
Slit1,228,466,89,45,39,2,43,33,87,32
Letmd1,662,807,421,247,603,354,478,393,774,466
Nol4,0,0,0,0,0,10,7,9,0,11
Isyna1,3433,886,4012,1506,3478,1277,3029,1389,4783,1684
Ahcy,214,301,426,171,411,154,392,242,436,247
Hist2h3b,401,413,596,310,1075,76,490,198,758,329
Lcn2,7431,1316,51512,22081,68442,59581,97958,12330,24469,20977
Tmub1,39,49,113,42,196,78,128,93,197,89
Hyi,137,58,158,51,190,112,117,117,317,151
Akr7a5,410,243,618,254,722,355,649,475,882,368
Hymai,34,0,0,0,0,46,33,57,65,61
4931430N09Rik,0,0,0,0,0,0,0,0,1,2
Dstyk,1128,1365,1231,688,1474,714,1011,1094,1852,984
Slc25a51,3797,2913,2577,1596,3052,1808,2482,1941,3936,1822
Nr3c2,27,0,60,5,274,74,98,186,261,160
Mturn,326,117,331,150,251,188,220,433,1473,540
9130230L23Rik,0,0,0,0,0,53,37,25,22,17
Gm38402,0,0,0,0,0,7,16,0,4,24
Rnf187,1810,1989,2263,1200,2715,1154,2060,1331,2665,1464
Phf10,1521,1689,881,573,1268,536,877,548,1374,676
B3gnt8,11,284,153,24,75,32,88,68,164,97
Speer4d,0,0,0,0,0,0,1,0,1,0
Prss32,0,0,26,0,769,75,143,10,39,35
2010012O05Rik,161,115,200,134,252,160,301,148,314,179
Grsf1,3213,2632,2306,1209,2661,1398,2314,1293,2861,1295
Plek2,36,931,385,227,423,227,454,232,326,185
Tex30,170,155,250,87,202,158,243,92,387,137
Hist2h2ab,16,45,45,0,58,24,64,67,167,53
Eng,2740,792,3888,1384,1960,1164,1878,1521,2645,1937
Hnf1a,0,0,0,0,53,11,7,17,12,4
Bcas3os2,0,0,0,0,0,0,0,2,0,2
Snrnp40,761,1011,1220,555,1333,504,1047,482,1091,637
Gata4,0,0,0,0,15,0,2,28,1571,283
Itch,3349,3369,4761,2687,6011,3711,4760,2816,5054,3078
Sele,15,0,17,0,0,14,55,252,81,200
Neu4,0,0,0,0,0,0,0,0,0,0
Gm16291,0,0,0,0,0,0,0,0,0,0
Kif19a,0,0,205,81,315,264,244,72,274,131
A730036I17Rik,0,0,0,0,0,0,0,0,2,2
Zfp703,682,798,1870,957,1894,1248,2071,1216,1452,1027
Rbfox1,0,29,0,0,0,0,21,3,46,66
Mynn,721,633,732,462,819,561,708,475,1015,602
2610001J05Rik,235,585,279,130,412,166,266,177,491,204
Dlat,1533,1294,1216,815,1880,867,1348,936,1754,985
Wfdc21,464,90,8,0,25,3,9,43,100,471
Fam163b,0,0,0,0,0,0,0,1,0,0
Gpatch11,626,566,649,328,789,307,539,345,770,387
Fn1,307556,15710,118178,68917,170540,20920,58444,59902,80975,41898
Naprt,120,321,349,208,445,237,371,219,523,260
Rrp7a,1368,1206,1495,722,1877,960,1461,964,1774,885
Gpatch2,695,799,1046,682,1473,916,1179,638,1079,818
Higd1a,673,2227,499,230,609,244,430,261,598,309
Glipr2,763,262,766,497,993,517,867,556,686,736
Taf5,211,276,154,130,286,158,285,161,343,175
Hdac1,993,1067,1358,700,1885,650,1331,593,1122,588
Rbbp9,502,196,875,621,1410,773,1175,339,1027,566
G6b,0,10,0,0,0,11,12,8,4,16
Gm1968,0,0,0,0,0,2,2,1,4,0
Lrrc1,251,2155,1056,557,1699,902,1261,739,1376,642
Ppm1f,1805,574,1320,695,1229,615,875,786,1726,907
Vwa9,817,609,1042,532,1240,556,1019,564,1050,658
Alkbh6,168,270,266,176,432,217,493,182,439,218
Lbx1,0,0,0,0,0,0,0,0,0,2
Pitx1,0,11101,113,0,7,1,6,434,355,8
Hdhd2,798,468,469,192,622,324,480,325,857,387
Fbxo31,534,290,549,330,730,390,689,438,725,639
Snapc1,233,636,438,260,603,278,346,243,484,390
Fam122b,72,143,181,101,175,106,190,150,363,199
Arhgef5,1841,5279,4936,2880,6107,3249,4956,1994,3634,2090
Skap2,1131,1352,1673,835,2412,818,1385,620,1883,1013
Hoxaas2,0,0,0,0,0,0,2,2,5,7
Intu,198,187,350,284,502,289,410,212,534,296
Ly9,269,11,230,92,296,56,106,68,586,172
Redrum,0,0,0,0,0,0,0,0,0,0
4931428F04Rik,39,190,68,75,94,113,175,102,141,133
Gm14403,490,221,316,148,366,97,190,184,602,263
Snord16a,0,0,0,0,0,9,13,8,6,3
2610042L04Rik,0,0,0,0,0,2,0,7,3,2
Bclaf1,3400,4683,5950,3773,7371,3310,5390,2830,7380,4522
Mir219c,0,0,0,0,0,3,3,3,1,1
Gm16432,0,0,0,0,0,1,1,18,9,8
Arglu1,1222,1412,1277,908,2011,792,1125,642,1570,1083
Tfb2m,196,178,277,146,314,218,317,186,328,170
Ncdn,1073,865,1166,572,1422,660,1018,767,1208,688
Eif4a2,3137,5527,5525,3837,7146,4648,5725,3624,9034,5358
Tmem180,89,10,61,15,106,104,165,70,124,64
Whsc1,2549,2548,2955,2163,3952,1890,2845,2093,3599,2451
Milr1,69,31,76,0,101,21,54,28,181,134
Zbed3,488,39,449,273,418,371,455,396,1003,426
Krt7,58,600,13156,6127,13344,6499,12779,7873,8459,2938
Smg6,2356,1851,1712,1202,2033,1263,1581,1219,2261,1430
2310002L09Rik,0,0,0,0,0,0,4,0,0,3
Usp31,1190,2663,1421,692,1204,918,1016,1501,1982,1170
Fgf15,0,0,0,0,0,0,0,0,0,1
Hist1h3i,342,589,346,143,486,74,317,181,566,269
Pcdha10,0,0,0,0,0,10,25,18,13,16
Magel2,0,0,0,0,0,1,0,0,0,0
Abhd1,162,125,82,70,212,126,123,111,247,87
Matn1,0,0,0,0,0,0,0,1,2,0
Sds,0,0,0,0,0,0,0,0,0,0
Limk2,4165,8398,2799,1531,3875,2124,2678,1871,2599,1552
Rprd2,1725,1947,2402,1497,2518,1905,2297,1654,2758,1838
2310036O22Rik,1839,2226,2406,1261,2586,1319,2198,1285,2372,1419
Ugt2b1,0,0,0,0,0,0,0,0,1,0
AW011738,76,142,139,63,216,106,159,105,154,128
A530013C23Rik,21,144,0,0,16,18,20,42,24,61
Mroh8,0,0,0,0,0,0,1,2,1,4
1700009J07Rik,0,0,0,0,0,0,2,1,2,0
Nme6,218,79,493,183,615,177,589,226,402,167
Apol10a,0,0,0,0,0,4,1,0,6,3
Snora16a,0,0,0,0,0,19,27,10,12,25
Sorbs2os,0,0,0,0,0,3,2,2,0,14
Strn,1658,3088,1863,1031,2353,1180,1824,1036,2291,1215
Mir205,0,0,0,0,0,0,1,1,0,0
Scgb3a1,0,0,0,0,0,12,4,0,12,2
Cd164l2,0,0,0,0,0,1,17,9,50,8
C1qc,2084,688,4643,1088,4308,545,1343,1357,6028,1451
Rpl15,3195,4514,4131,2230,4778,2396,3982,2154,5295,2297
Ahcyl1,2825,3122,4552,2788,5625,3536,4862,2775,5209,2749
Sprr2i,7,1946,0,0,0,4,13,6,2,1
2610005L07Rik,76,265,89,95,162,90,151,144,199,127
Prox2,0,0,0,0,0,9,25,18,42,36
Rrm2b,471,252,463,215,514,248,453,345,792,353
Grxcr2,0,0,0,0,0,0,0,0,2,0
Rad21,6101,5606,6915,3713,8206,2853,5896,2934,6561,3258
Plxnb2,6547,15450,19944,10312,24071,12261,19841,10308,18380,9129
Fam35a,228,92,97,55,189,82,184,106,273,146
Kcnmb3,0,0,0,0,0,0,0,0,1,0
Rpl22l1,275,781,626,363,481,532,550,372,798,421
Tnfrsf11b,427,142,565,343,551,459,439,442,586,304
Smyd3,204,261,327,169,609,220,508,187,491,244
Hmgxb4,829,727,763,469,982,460,625,461,982,556
Aifm2,986,209,374,156,587,156,245,419,714,331
Bcat1,1192,84,11981,3272,9287,6278,9348,1916,12157,5326
Atp9a,3409,2211,4926,2196,6051,2961,5246,2265,4957,2094
Mfsd1,2618,1570,3138,1418,3267,1656,2523,1521,4211,1572
Fbxl22,9,97,146,101,42,219,249,351,346,496
Ifnar2,2265,595,1849,1065,2416,776,1712,906,2562,1456
Bpifb6,0,0,0,0,0,0,0,0,0,0
Hoxd12,0,0,0,0,0,0,0,3,0,4
Flot1,2184,838,1287,799,2040,664,1198,863,1847,1023
Smim13,721,1513,714,299,625,375,487,451,1436,534
Slc6a7,0,0,0,0,0,3,0,9,17,1
Itih1,0,0,0,0,0,0,1,0,0,9
1700016L21Rik,0,0,0,0,0,0,0,0,0,0
Reg3d,0,0,0,51,0,0,3,0,0,0
Tgtp2,76,0,248,178,711,133,364,130,378,128
1700116B05Rik,0,0,0,0,0,0,0,0,0,0
Ube2j2,38,89,45,27,43,124,95,99,61,59
Snx31,0,0,0,0,0,1,1,2151,18,0
Sbno1,6245,7877,7755,3981,7239,5358,7147,4051,7262,4211
Med12l,543,157,143,156,158,88,222,185,229,324
Prosc,1784,1136,1144,646,1616,727,1396,557,1293,769
Acly,10459,13496,8550,4222,10127,3338,6583,4818,9040,4559
Gng13,0,0,0,0,0,0,1,2,7,0
Ptpn20,0,0,0,0,0,3,0,0,0,1
Lpcat2b,0,0,0,0,0,0,0,0,0,0
Slc9a4,0,0,0,0,41,23,42,212,25,12
Snord64,0,0,0,0,0,1,3,4,4,3
Rcbtb2,1006,518,1089,611,1499,615,1035,698,1747,818
Trim52,0,0,0,0,0,0,0,0,1,1
Mmp24,0,0,0,0,0,0,3,0,36,3
Alg8,152,324,392,208,482,226,358,249,336,187
Ddx19b,425,770,661,380,1045,524,805,474,889,540
Adh7,1,193,55,0,0,7,82,403,71,93
Pak6,0,2842,0,15,0,6,19,268,376,117
Fam49b,1438,1816,4206,855,1966,761,1350,854,1980,1180
Nudt18,229,377,117,60,211,129,214,179,187,115
Nup214,1750,2074,2529,1310,2395,1554,2321,1422,2343,1632
Gm28042,0,0,0,0,0,0,0,0,0,1
4931440P22Rik,0,0,0,0,0,12,22,21,28,23
Clic5,332,0,272,190,947,276,784,591,538,302
Atp1a2,2456,0,343,159,568,79,396,558,688,1298
Dido1,3735,4748,4640,2772,4811,2821,3713,2510,4558,3376
Fam179a,0,120,185,39,228,127,467,173,117,314
Syde2,457,100,369,202,439,334,463,476,502,405
Eef1a2,39,0,48,0,0,111,333,42,41,339
Rfpl4,0,0,0,0,0,0,0,0,157,16
Pphln1,1613,1173,1403,756,1602,792,1226,809,1641,887
Pcyt1a,1834,2039,1728,783,2096,806,1114,1161,2277,1142
Rp1,0,0,0,0,0,3,4,2,27,49
Gpr27,0,0,324,139,481,184,280,145,248,88
Rpl35a,1778,3088,1013,1159,1235,490,874,445,1405,545
Crnde,0,0,0,0,0,3,4,12,36,7
Zfpl1,405,778,567,344,834,466,746,304,630,355
Gm13498,0,0,0,0,0,0,0,0,0,0
Selp,318,45,585,146,222,132,511,389,464,1120
Chad,0,0,0,0,0,3,13,3,9,6
LOC100861615,0,0,0,0,0,5,0,0,0,1
Islr2,143,0,0,0,0,9,21,30,66,21
Kcnj15,322,857,864,481,777,61,426,1033,736,148
Snord32a,0,0,0,0,0,9,23,15,16,12
Dusp5,186,1074,124,68,253,152,155,394,217,204
Platr22,0,0,0,0,0,0,3,1,5,5
Cpsf4,443,682,688,340,808,399,631,376,808,490
Mir490,0,0,0,0,0,0,0,0,0,3
Wdr27,0,0,0,0,0,3,4,6,8,29
Pnmal2,0,0,116,122,95,44,129,76,466,235
Spz1,0,0,0,0,0,0,0,0,0,0
Umodl1,0,0,0,0,0,0,0,0,73,12
E2f1,334,126,257,138,371,65,248,151,387,189
Cacna2d4,0,0,0,0,0,3,17,2,9,1
Kbtbd13,0,0,0,0,0,3,6,5,6,9
Rbm41,701,425,489,328,662,351,506,320,671,429
Suclg2,848,1205,1558,707,2001,981,1472,745,2273,912
Wdfy2,1296,882,571,283,723,301,492,351,840,478
Wfdc10,0,0,0,9,0,19,1,18,57,0
Tubb2a-ps2,0,0,0,0,0,0,0,0,0,0
Mtmr2,2828,1818,3318,1438,3591,1539,2987,1230,3069,1747
Tnfaip6,425,0,0,0,25,30,54,92,74,135
Mir3971,0,0,0,0,0,2,1,5,4,7
Ska3,232,162,180,96,213,33,179,117,243,136
Naaladl1,0,0,0,0,0,5,8,4,6,8
Snip1,727,561,769,398,981,515,723,461,958,425
Tbc1d10c,4,0,11,0,100,50,113,48,84,107
Mir105,0,0,0,0,0,0,0,0,0,0
Kif3b,1890,759,1398,786,2045,908,1325,797,1873,947
Gm15179,0,0,0,0,0,0,1,0,0,0
Kng1,4514,0,0,0,70,6,19,8,38,13
Igsf3,1651,9191,3292,1709,2776,1522,2597,1948,3290,1405
Brms1,265,909,731,357,958,498,842,352,731,366
Atp5b,16918,22884,18388,7922,21643,8014,15203,8798,21981,9901
Tyw5,106,88,129,90,214,109,183,116,196,132
Cwf19l1,160,461,375,175,367,230,399,187,382,252
Krt24,0,0,0,0,0,1,0,0,0,0
Calm1,10814,11726,12196,6053,15275,5344,9547,5330,14364,7168
Gm16894,0,0,0,0,0,1,7,6,1,5
Tet2,3502,5690,1532,1254,2734,1300,1682,1382,1986,2343
Zfp846,119,111,204,104,226,138,242,120,288,144
Ube2j1,3289,2027,1983,1150,2507,963,1499,1062,2430,1283
Ehf,19,17261,4461,2883,8076,2388,5751,3879,5188,2461
Egln1,2416,2410,2401,1565,2929,2384,3008,1467,2779,1571
Cdh7,0,0,0,0,0,0,0,0,0,5
Btbd8,0,2,0,0,0,31,40,44,43,34
Sh2d4a,12,565,1050,565,1935,535,1389,467,1086,468
Pde5a,1721,672,1325,1136,1210,1805,1838,3877,2044,2152
Cyp2c39,0,0,0,0,0,0,0,0,0,0
Neurod6,0,0,0,0,0,0,0,0,0,0
Gm9958,0,0,0,0,0,22,39,17,27,34
Pgm3,1223,676,654,407,971,460,649,397,844,493
Mir207,0,0,0,0,0,0,0,0,2,0
Mir203,0,0,0,0,0,0,0,0,0,0
Mir466i,0,0,0,0,0,0,0,1,0,3
Il1bos,0,0,0,0,0,1,2,20,8,8
Mrgpra4,0,0,0,0,0,0,0,0,0,0
Pi4kb,2087,1554,1951,1018,2293,1149,1641,1189,2240,1151
Bmpr1b,5,49,399,358,750,173,616,225,1507,590
Vat1,4457,3684,3821,1917,3583,1788,2440,3728,5575,2022
A330040F15Rik,0,0,0,0,0,0,0,0,3,0
Il11,2533,51,4,0,115,10,36,43,55,22
Lenep,0,26,0,0,8,45,57,34,61,50
Olfr920,0,0,0,0,0,18,16,4,31,27
Zfp229,247,136,246,218,341,222,370,181,521,307
Tsix,0,0,0,0,0,2,4,9,3,11
Thsd4,140,43,3813,1612,2898,1006,2615,1366,2506,1655
Cacnb1,46,36,105,128,186,183,208,172,161,399
Npas2,378,52,736,726,1314,967,1329,411,649,406
Hp1bp3,5126,5137,3779,2201,5038,2108,3857,2757,5434,2813
2810025M15Rik,292,287,428,212,476,267,472,189,584,162
Ddx17,11443,11578,11705,9743,15540,11416,12494,8348,13198,11663
Impg2,0,57,30,10,95,52,75,48,67,40
Hmox2,780,973,1223,607,1661,653,1140,491,1454,661
Gm5111,0,0,0,0,0,0,0,0,0,0
Hook3,7383,4714,4650,3347,5520,3824,4452,3453,6535,4125
Ifnlr1,48,166,266,262,416,373,453,365,322,277
Hist1h2an,45,228,152,74,270,8,57,47,204,71
Fam47e,0,0,0,0,0,0,2,1,12,29
Fbxo42,1748,1666,1431,778,1757,950,1223,967,1539,995
Ankrd36,0,0,0,0,0,0,0,0,1,0
Prrc1,3215,1459,1795,1003,2371,1050,1499,1045,2106,1239
Il1r2,437,1396,13,0,154,29,114,143,81,345
Arhgef33,17,0,0,0,0,3,5,6,20,18
Tbx18,1709,21,109,4,210,12,30,74,82,79
Hils1,0,0,0,0,0,0,0,0,5,0
Dpm3,246,121,217,85,277,113,186,153,369,171
Mrgprb5,0,0,0,0,0,0,0,0,0,0
Gm3363,0,0,0,0,0,8,12,10,7,19
Ccdc109b,88,89,595,416,1263,769,1078,278,868,222
Gm2087,0,0,0,0,0,0,0,0,0,2
Zfp523,500,305,481,262,798,386,609,385,702,469
Igsf8,1396,2937,2935,1031,2825,1151,1854,970,2845,1040
Prkcq,0,0,0,0,65,47,73,106,68,72
Il2,0,0,0,0,0,0,0,0,0,1
Ehbp1,867,389,568,583,772,542,739,537,992,818
1700065D16Rik,0,0,0,0,0,0,1,0,1,0
Znrd1,223,175,281,118,397,170,290,198,399,242
Cend1,0,0,0,0,0,12,16,15,20,24
A1cf,0,0,0,0,0,0,0,0,0,0
Psma3,1124,1691,1866,851,2323,944,1669,785,1950,895
Speer4a,0,0,0,0,0,0,0,1,10,1
Cbr4,196,136,201,122,302,216,270,171,353,134
Fam160b1,1610,1677,1790,1077,2052,1099,1529,1083,2173,1253
Arnt2,72,0,3256,2556,5496,2647,4593,1499,4856,2132
Chid1,819,709,1344,648,1569,731,1248,597,1412,750
Tlr4,1334,1302,1703,976,1927,1044,1812,992,2316,1119
Col5a3,22101,2259,2655,1821,3406,476,1196,1459,937,1816
Erap1,1214,1288,2522,1332,3048,1839,2130,1433,3368,1554
Mir6956,0,0,0,0,0,0,0,3,0,0
Scarna17,0,9,0,0,9,19,35,22,51,24
B930025P03Rik,0,0,0,0,0,0,0,0,0,0
Dusp2,26,26,20,25,57,45,71,55,64,147
Obscn,212,0,0,0,0,9,667,22,14,1644
Mef2b,0,0,0,0,0,1,2,0,0,2
A430035B10Rik,0,0,0,0,0,8,19,18,27,15
Cdc42bpb,3941,7555,6261,3608,7496,4425,6468,4109,6046,3928
Gm10767,0,0,0,0,0,3,2,7,13,7
Nek10,0,0,0,0,0,29,10,3,116,57
Tmem37,218,0,135,49,256,85,107,106,233,92
Zfp52,741,1500,1581,748,1557,976,1462,385,1548,676
Olfr411,0,0,0,0,0,0,0,0,0,0
Fcgr3,1042,1127,1696,458,2257,232,643,709,2968,1080
G730013B05Rik,0,0,0,0,0,0,1,0,0,0
Gm20098,0,0,0,0,0,0,0,0,1,3
Tsen54,231,395,463,203,503,374,489,276,443,270
Lats1,2504,4109,4216,2452,4500,2530,3770,2414,4531,2499
Pomk,306,186,466,340,724,373,590,281,811,332
Ngly1,885,1165,630,359,927,479,601,556,1042,616
Upk1b,464,0,203,38,323,21,65,5504,621,85
Nanog,0,0,0,0,0,2,0,2,5,6
Cpne7,0,0,3,0,0,43,48,22,52,32
Ctnnd1,8763,13411,13771,7301,13569,9331,12848,7605,11508,6164
Larp6,548,0,62,58,107,116,101,124,149,147
A230046K03Rik,2000,3122,2955,1827,3597,1914,2602,1677,3619,2144
Fcgrt,2652,222,2705,970,2123,732,1089,1752,4059,1282
Cox19,300,337,236,101,351,171,276,140,358,170
Ly6g6c,0,1774,0,0,0,3,4,27,1,4
Pnpo,241,528,622,230,846,477,726,424,927,385
Dync1i2,3287,3418,3399,1987,4363,1819,3156,1978,4169,1941
Rpl22,5470,6804,6013,3293,7751,3359,6089,3115,8148,3375
Rimklb,0,0,0,0,0,40,59,38,326,96
Ndufb3,742,448,536,249,763,286,586,247,740,295
1700016L04Rik,0,0,0,0,0,0,2,1,0,0
Pde8b,0,5,697,316,942,368,790,200,560,232
2010310C07Rik,0,0,0,0,0,2,3,8,6,6
Cdnf,16,0,0,0,0,6,19,28,32,21
Lpar6,533,619,760,332,1005,633,665,376,845,491
Tpr,12570,8842,10425,5592,11016,5014,8574,4715,11548,5662
Gm10037,0,0,0,0,0,1,2,1,4,2
Spata6,870,179,731,797,1560,790,1229,423,1240,595
Cdh26,0,0,0,0,0,0,2,0,1,1
Npff,0,0,0,0,0,27,28,28,25,29
Gm2762,0,0,0,0,0,0,0,3,0,0
Olfr32,0,0,0,0,0,0,0,0,0,0
Gm5108,0,0,0,0,0,0,0,0,0,1
Cyp2j9,4,0,24,0,36,19,67,54,144,67
Olfr1198,0,0,0,0,0,0,0,0,0,0
Zcchc5,216,0,0,0,0,52,23,19,35,50
5033403F01Rik,0,0,0,0,0,7,15,0,7,7
A230070E04Rik,0,0,0,0,0,0,0,0,0,0
BC017158,385,447,714,497,997,578,847,552,1081,619
Mir99ahg,1,0,39,72,118,72,57,95,195,273
Plcb4,568,175,384,341,687,296,436,1191,759,593
Mir7035,0,0,0,0,0,1,3,2,0,1
Hist1h2bj,150,475,303,137,460,18,144,96,229,111
Rad54l,180,162,271,155,395,61,300,173,354,256
Tmem64,1061,400,1294,793,1652,696,1000,4054,2354,1063
Pan3,1871,3257,2677,1742,3388,2165,2749,1745,3253,2279
1700012P22Rik,0,0,0,0,0,0,4,1,2,7
Pamr1,650,0,929,882,1325,1720,2199,1360,1701,915
Copb2,12169,6179,6997,3887,9805,3682,6634,3071,7503,3642
Ints5,632,966,1052,505,1157,678,1123,655,1022,634
Anapc16,470,542,806,340,945,422,790,411,958,462
Rpp30,150,207,246,119,257,108,261,137,309,165
Rgma,469,294,468,601,430,431,696,561,556,787
Pltp,2553,558,5676,2177,3558,990,1824,2967,4540,2784
Eprs,8864,7032,6835,3607,8079,3318,6056,2997,6966,3941
St8sia2,53,0,0,0,0,21,19,28,42,56
Gbe1,1240,686,508,351,683,421,630,471,986,586
Ivl,0,231,69,11,39,34,61,1569,59,18
Mrpl34,460,306,541,200,548,260,496,249,599,270
Prickle2,3010,1415,674,701,1264,803,890,763,1297,1095
Slc16a10,631,40,727,271,911,277,250,462,696,373
Rnf122,400,1358,323,172,436,254,356,288,611,293
Zc3h11a,6752,5870,5917,3717,6375,4490,5362,4066,5961,4458
Tmem176b,3974,989,8337,4764,16530,6010,9269,4787,10427,3541
Nsmce1,351,355,629,302,866,247,629,290,848,300
Ifngr1,2295,2055,2678,1024,3745,995,1864,1214,3206,1437
Olfr1200,0,0,0,0,0,0,0,0,0,0
Simc1,208,374,208,112,299,152,215,200,389,268
Dlgap2,0,0,0,0,0,3,0,12,2,3
Tshr,673,0,386,0,167,78,209,62,238,250
Ift122,1295,161,546,483,1055,492,805,419,980,692
Zdhhc17,531,391,839,651,1012,756,1014,559,1211,837
Gucy1a2,470,36,366,296,456,219,235,313,590,437
Galnt13,0,0,0,0,0,15,30,5,6,59
Safb2,1443,2638,1699,1309,2925,1345,1496,1234,1790,1697
Gdf5,0,0,0,0,0,10,5,7,4,16
Gja5,485,0,1069,428,302,112,537,279,432,419
Tlr9,98,0,177,42,268,43,125,90,178,125
Wfdc17,447,191,416,147,774,66,217,293,1506,944
Dsc3,0,20274,153,0,0,2,13,378,312,1
Fzr1,673,1476,1223,618,1609,817,1310,862,1417,759
Sh3bgrl3,1015,2002,2832,953,2991,870,2405,782,2195,879
Dgcr6,316,278,161,98,302,180,226,385,412,241
Rgs20,0,186,0,0,0,2,0,7,2,3
Hist1h4f,878,1269,907,465,1271,151,821,630,1288,715
Robo3,0,0,0,0,0,4,1,3,2,3
Rcc2,5618,7918,6908,2977,7316,3274,5197,3497,5371,3284
Mir6516,84,195,88,44,159,298,443,380,264,121
Cdh19,0,0,0,0,0,1,8,35,2,10
Wnt5a,1914,6987,1658,1326,2805,1382,1414,1774,1616,2294
Nipa1,118,88,172,71,167,83,177,148,286,156
Mmp16,0,163,20,12,112,43,57,71,331,163
Csf2ra,463,708,708,244,1240,314,465,423,749,821
Sh3kbp1,1753,5004,2571,1553,3754,1223,2320,1130,2626,1430
Usp14,2411,2423,2435,1290,2809,1145,2054,1118,2342,1398
Gadd45g,594,209,950,250,1156,410,463,649,759,616
Mir6375,0,0,0,0,0,0,0,1,0,0
Lppr2,212,126,151,103,205,100,172,85,191,150
Agxt2,0,0,0,0,0,0,0,0,4,2
Sppl3,1387,5169,1778,920,1968,1323,1847,1473,2585,1287
Cox18,372,262,420,220,383,247,434,243,344,273
Rnase10,0,0,0,0,0,1,0,3,2,1
Tnnt2,1,267,0,0,0,11,45,125,29,39
2010005H15Rik,0,0,0,0,0,0,0,0,0,0
Dbx2,0,0,0,14,0,14,44,15,47,22
Ccdc14,56,132,98,98,164,121,200,108,206,189
4933427I22Rik,0,0,0,0,0,0,0,0,0,0
Zscan4d,0,0,0,0,0,0,0,0,1,0
Dhrs4,440,183,834,397,1007,638,869,417,876,408
Ly6c1,13951,94,1150,509,816,231,683,597,1115,521
Hdgfrp2,1462,1097,1400,935,2002,838,1273,764,1491,1089
Gm4566,0,0,0,0,0,0,0,0,4,0
Wnt9a,92,167,153,122,120,119,222,299,223,207
Slc9a5,208,329,95,157,239,129,179,120,113,158
6330407A03Rik,10,62,0,0,65,69,63,88,39,135
Pih1d1,300,440,443,242,504,236,467,304,593,328
Fndc7,0,0,0,0,0,4,170,4,196,368
Mir1969,0,0,0,0,0,0,1,0,0,0
Tmem179b,246,203,392,186,475,198,366,186,480,240
Vmn2r4,0,0,0,0,0,0,0,0,0,0
Nrtn,0,80,319,24,174,222,356,159,198,158
Fam205a1,0,0,0,0,0,0,0,0,1,0
Scrn2,94,183,169,94,193,94,215,133,315,134
Cd226,0,0,0,0,0,13,25,14,46,18
Gm10677,0,0,0,0,0,0,0,0,0,0
AY761185,0,0,0,0,0,0,0,0,0,0
Zc3h18,2442,2516,2622,1304,3145,1322,2087,1274,2461,1450
Ttc7b,938,376,524,270,618,222,377,532,1155,665
Ptx4,0,0,0,0,0,0,0,0,0,0
Scrg1,0,0,0,0,0,0,0,0,1,1
Gm6961,0,0,0,0,0,0,0,0,0,0
Tmem161b,241,522,234,162,274,278,259,217,312,277
Mmadhc,1324,1102,834,510,1153,437,868,531,1167,549
Olfr18,0,0,0,0,0,1,1,0,0,0
Mir7667,0,0,0,0,0,0,2,0,0,0
Rps3a1,10592,11353,13425,6238,14814,8288,13995,7376,15950,7399
Rltpr,0,12,0,0,7,33,44,18,35,43
BC039966,0,0,0,0,0,0,0,0,0,0
Glipr1l1,0,0,0,0,0,0,0,0,0,0
Acvr1b,1979,1837,1726,827,2398,1090,1888,1083,1874,1266
Glyatl3,0,0,0,0,0,1,1,1,0,3
Lypd2,0,0,0,0,0,1,7,22,5,32
Gabrg3,0,0,0,0,0,0,2,0,0,10
Tnpo2,4302,5070,3855,1956,4389,2375,3457,2263,4020,2309
Olfr1257,0,0,0,0,0,0,0,0,0,1
Hoxc5,0,0,0,0,69,4,27,12,84,93
Emid1,256,83,61,57,139,114,109,449,105,171
Cdkl3,58,137,28,12,91,55,89,97,109,87
Ppfia1,1846,4463,2971,1847,3940,1922,2804,1687,3100,1778
Ddx55,176,418,351,185,431,254,365,227,380,276
Glmp,2265,1179,3083,1454,3170,1703,2890,1165,2995,1119
Exosc6,380,447,481,184,458,281,489,325,501,232
Tcof1,1384,1429,2085,1003,2070,936,1607,1174,1908,1324
Cntfr,0,16,3,0,39,1,20,94,127,77
Atf3,261,300,754,190,1021,299,415,1058,873,384
Bcl2,563,182,1245,697,895,955,1364,1032,1121,1071
Hebp2,0,1440,236,76,351,168,281,201,309,104
Cyp2c29,0,0,0,0,0,0,0,0,2,0
Ttll3,38,304,63,48,142,158,138,127,125,221
Mir6979,0,0,0,0,0,0,1,0,0,3
Tmem233,0,0,0,0,0,0,1,0,0,5
Ick,883,518,895,616,1391,784,1171,724,1060,684
C130021I20Rik,0,0,0,0,0,0,0,1,0,0
4933439C10Rik,0,22,82,85,91,217,165,106,118,160
Slc15a1,0,837,19,0,380,27,102,44,65,75
Smco3,0,0,0,0,0,5,1,2,16,4
Egr1,1301,1931,768,382,1239,716,1198,3736,1340,439
Mir344f,0,0,0,0,0,0,0,0,0,1
E130317F20Rik,0,16,1,0,31,69,64,43,86,78
Fkbp3,485,1113,900,520,1119,403,758,370,1307,567
Prdm16,6,0,138,2,190,25,314,128,273,112
Zfp420,79,94,102,77,154,99,191,95,220,172
Eif4e,2248,1958,1992,999,2189,1052,1561,815,2148,1093
Hs6st2,656,189,48,0,278,7,56,30,593,152
Mansc1,51,55,1083,463,1094,524,1149,361,720,378
Ate1,3529,1171,1444,871,1725,876,1351,892,1902,1058
Athl1,419,548,764,553,965,519,895,508,911,782
Pfn4,0,0,0,0,0,0,5,4,8,2
Wdr6,2447,692,2354,1632,2990,1641,3121,1733,3120,2525
4932414N04Rik,0,0,0,0,0,0,1,0,0,0
Smyd5,545,698,581,308,615,255,553,312,659,454
2700094K13Rik,643,469,561,268,603,196,437,343,693,332
Rbp2,635,2668,0,0,0,1,5,6,56,0
E130310I04Rik,0,0,0,0,0,1,2,2,3,3
Pgls,1109,1296,1197,573,1426,657,1174,741,1493,733
Zfhx3,2639,729,9390,5145,8027,7853,9295,4624,6110,5232
Pla2g2a,0,0,0,0,0,0,0,0,1,0
Aldh3b3,0,249,0,0,0,1,7,18,17,11
Ptgir,104,0,24,5,37,16,42,53,66,100
Tpcn2,616,2123,680,533,1308,797,742,529,723,682
Creg2,0,0,0,0,0,15,26,19,42,63
Khnyn,1064,1110,901,823,1596,942,1133,1024,1347,1291
Mark2,1298,4716,2918,1796,3618,2336,3174,2496,2702,1939
Cela3a,0,0,0,0,0,0,0,0,0,0
A830052D11Rik,0,0,0,0,0,0,4,0,6,3
Vmn2r51,0,0,0,0,0,0,0,0,1,0
4930487H11Rik,0,0,0,0,0,0,0,0,0,0
Eef2k,794,1227,1500,694,1851,1050,1541,1612,1806,1163
Scgn,0,0,0,0,0,0,0,0,5,0
Efcab8,0,0,0,0,0,8,2,9,3,2
4930453H23Rik,0,0,0,0,0,0,0,0,0,0
Tnnc1,31,0,0,0,0,9,23,6,17,38
Maob,281,0,41,44,115,43,60,135,254,128
Polr2e,598,878,909,457,1176,474,908,522,1149,547
Luc7l3,1415,1928,1977,1512,3109,1394,1712,1145,2708,1864
Lta,0,0,0,0,0,0,5,2,5,5
Colec10,0,0,0,0,0,14,16,8,6,2
Flt1,4539,692,1891,1212,1251,831,1183,729,1496,1070
Crip3,0,0,0,0,0,1,1,3,14,8
Gm38425,0,0,0,0,0,0,0,0,2,3
Mir3073a,0,0,0,0,0,3,2,1,1,4
Mir1938,0,0,0,0,0,12,8,18,7,32
Banp,866,1397,1620,696,1382,921,923,1027,1382,878
Prpf3,839,878,1023,502,1045,599,751,522,964,574
Ankrd60,0,0,0,0,0,0,0,0,0,0
Aldoart1,0,0,0,0,0,0,2,0,3,1
Mir7016,0,0,0,0,0,0,0,1,0,0
Ids,1197,2229,1133,692,1246,638,1066,1007,2048,1119
Tmem69,168,203,193,83,221,139,212,142,251,127
Ifitm5,0,0,0,0,0,16,25,20,22,37
Trim30a,864,328,3726,1865,6121,2284,4181,917,3024,1535
Sgpp2,1,1014,379,353,1505,624,780,184,871,177
Mrpl32,382,580,372,166,427,219,315,237,552,267
1110058D11Rik,0,0,0,0,0,0,0,0,0,0
Dzank1,0,0,17,10,89,82,100,85,138,120
Idi1,90,674,179,23,74,76,130,60,127,103
Fbxw9,258,350,507,247,645,562,721,427,668,330
Padi4,73,2377,1710,877,1140,863,1786,941,1005,752
1810053B23Rik,0,0,0,0,0,0,0,0,0,0
Barhl2,0,0,0,0,0,1,3,0,0,0
Ugp2,3106,1457,2539,1429,2926,1228,2427,1265,3418,1959
Vmn2r100,0,0,0,0,0,0,0,0,0,0
Tfpt,157,243,208,129,346,178,244,155,343,180
Dhrs13,113,39,193,81,284,113,270,106,255,130
Mir6978,0,0,0,0,0,0,0,1,0,1
Trappc2,51,16,50,4,49,54,72,39,143,67
Lmnb1,1650,1836,2243,1420,3276,960,2288,1769,2104,1727
Gja8,0,0,0,0,0,5,4,3,13,15
Gm15441,0,0,0,0,0,6,1,2,9,1
Tob1,938,1677,907,428,1063,498,860,715,1249,551
Taf7l,0,0,0,0,0,0,0,0,2,1
Pigo,296,888,588,339,830,541,715,373,635,362
Zfp936,0,0,0,0,0,0,0,0,10,0
Mon1b,687,963,1184,541,1196,765,1009,723,1224,611
Coch,0,0,197,120,322,453,402,55,213,102
Snhg12,288,670,348,288,435,297,418,281,524,477
Tbxas1,174,66,475,111,493,126,180,211,815,204
A230009B12Rik,0,0,0,0,0,0,1,0,0,1
Gm16982,0,0,0,0,0,0,0,1,0,0
Mxd4,1720,603,1084,547,1400,519,951,617,1467,695
Rogdi,148,88,187,114,382,136,244,171,349,209
E230016M11Rik,0,4,0,0,0,19,22,17,33,60
Mansc4,0,0,0,0,0,3,1,6,35,3
Rccd1,28,19,62,35,114,106,119,105,155,145
Gm8221,0,0,0,0,0,0,1,1,1,1
Mill1,0,0,0,0,0,0,0,0,4,0
Itfg2,328,408,250,191,406,255,325,216,395,293
Krtap8-1,0,0,0,0,0,0,1,0,0,0
5730455P16Rik,490,277,410,304,535,290,454,317,790,436
Syndig1,0,0,41,0,0,21,38,69,19,166
Mzf1,0,0,0,0,0,28,34,13,42,24
Asgr2,0,0,0,0,0,0,1,4,25,1
Cabyr,0,0,0,0,0,6,11,6,12,2
Foxred1,381,476,349,199,474,254,374,296,497,372
Nfe2l3,280,1891,1445,915,2184,1136,2157,981,1567,507
Mir3471-1,0,0,0,0,0,1,1,0,0,0
Emcn,1176,176,560,318,273,180,337,252,634,443
2810433D01Rik,0,0,0,0,0,8,6,16,19,33
Tmppe,836,581,1164,537,1154,683,932,609,1168,575
Utp15,531,1241,820,334,675,502,628,517,1022,564
Guca1a,0,25,43,0,93,47,103,25,82,18
Cx3cr1,510,233,628,280,967,196,511,269,969,450
Mycbpap,0,92,12,49,72,78,115,35,110,130
Dnajc16,630,621,806,384,850,600,793,549,1004,518
Adam30,0,0,0,0,0,1,1,1,0,4
Lrrc49,489,163,266,247,349,163,287,274,523,323
Mir802,0,0,0,0,0,0,0,0,0,0
Bag1,3349,2483,3335,1782,5280,1760,3341,1686,3981,1714
Dph1,62,174,197,113,289,195,304,167,273,224
Ackr2,160,0,0,0,13,9,10,32,40,15
Pou2af1,146,0,0,45,8,0,9,11,43,97
Gm2560,177,0,0,0,0,1,1,0,1,0
Htr1a,0,0,0,0,0,0,0,0,0,1
Rhbg,0,650,0,0,0,17,29,48,48,5
Tnfrsf12a,1994,1019,1257,614,1373,608,918,516,910,266
Pak1,275,1141,1204,626,1593,564,1219,616,1108,501
Pigl,38,54,101,26,137,105,161,103,162,90
Mup7,0,0,0,0,0,0,0,0,0,0
AW112010,131,0,72,61,410,62,122,83,263,149
Map3k2,2962,2382,3608,2501,4972,3025,3942,2017,4225,2299
Slc16a14,0,25,641,78,222,1219,1145,259,172,139
A930006K02Rik,0,0,0,0,0,1,6,3,4,17
Plekhg2,1121,1007,1653,1398,1898,1414,1667,1354,1552,1414
Ociad1,2692,2386,2505,1579,3186,1402,2380,1391,3286,1671
Rrp15,612,532,686,261,781,290,572,263,727,357
Limd2,1146,444,1622,877,2158,839,1645,581,1361,758
Katna1,624,1385,1099,659,1409,809,1277,583,1229,694
Tspan10,0,0,0,0,0,1,0,1,3,4
Ube2c,948,856,798,431,1042,103,492,410,860,443
Gria4,0,83,22,48,118,363,74,207,80,190
Ifngr2,1590,823,3306,1767,4439,3170,4951,1597,3071,1829
Lppr4,0,0,20,0,0,2,6,26,108,21
Snx2,2494,1598,2958,1547,4228,1747,2799,1166,4431,1483
Cd207,0,0,0,0,0,0,2,2,1,5
Lpcat4,194,722,1085,538,1082,829,1081,609,699,428
Hyal4,0,0,0,0,0,0,0,0,0,0
Scgb1a1,0,0,0,0,0,0,1,0,2,0
Mcts1,401,479,473,243,602,348,467,227,579,280
Pmfbp1,0,0,0,0,0,0,0,1,1,4
2310002F09Rik,0,0,0,0,0,0,4,9,1,3
Snord83b,0,3,0,0,0,21,25,14,20,8
Mir6917,0,0,0,0,0,0,0,0,0,0
Med16,478,453,690,383,861,498,757,583,936,518
Eno4,0,0,0,0,0,6,4,5,36,32
Sash1,2828,4372,5626,2761,5078,3203,5114,3949,5768,3060
Kcna3,296,1,4,0,37,35,25,16,42,52
Tpbpa,0,0,0,0,0,0,0,0,0,0
Cblb,2389,1631,1025,857,1532,697,1052,953,1914,1018
Fat3,0,0,651,229,82,60,251,157,356,787
Mrpl47,238,235,293,150,309,175,344,140,381,183
Nabp1,1758,1742,501,347,826,584,613,1073,686,572
Lcn5,0,0,0,0,0,0,0,1,0,0
Spata2l,13,11,15,9,67,47,77,78,112,52
Pola2,381,509,669,414,789,302,655,455,741,587
Cript,607,689,713,348,856,364,666,351,872,380
Coa6,150,93,152,79,231,92,227,105,292,141
Lpar5,0,850,0,0,11,8,21,36,70,16
Hoxb2,0,40,596,322,716,459,656,298,574,247
Sec16b,468,115,87,139,350,54,81,148,142,184
Ankrd55,0,0,0,0,0,5,6,14,30,14
Fbxw19,0,0,0,0,0,0,0,0,65,4
Grhl2,0,3241,3242,1449,3036,2138,3245,1643,2077,1382
Twf2,890,543,849,373,1118,371,783,343,971,567
Jph2,115,92,1401,810,1304,480,1358,1234,940,1419
Fdx1,857,405,266,192,523,236,383,300,3167,732
Mir7012,0,0,0,0,0,1,1,0,1,0
Nek3,85,0,63,30,99,78,127,86,137,72
Ttc33,450,261,597,279,753,378,660,330,790,352
1700028J19Rik,0,0,0,0,0,5,8,5,14,6
Gm7337,0,0,0,0,0,0,0,0,0,0
Fap,209,38,530,188,458,60,191,143,279,180
E2f7,374,967,124,108,173,31,140,134,243,183
Tmem240,0,0,0,0,0,4,5,7,10,7
Fhit,37,0,0,0,32,30,42,50,93,48
Stx17,862,1100,802,497,1151,605,814,654,1295,684
Tmem167b,2215,1297,1978,1096,2355,1077,1784,999,2321,1133
Rab9b,0,0,0,0,0,0,0,0,3,1
Letm1,1164,2364,1651,744,1979,875,1550,851,1674,740
Nmrk2,0,0,0,0,0,0,6,0,0,2
Gfm2,522,1230,698,405,776,494,571,622,851,607
S1pr2,1867,530,722,497,936,297,477,452,1036,521
Mir133a-1,0,0,0,0,0,0,0,0,0,0
Scn4b,0,0,0,0,0,12,68,34,43,90
Vmn2r71,0,0,0,0,0,0,0,0,0,2
Psd,209,5,79,171,235,352,384,453,287,594
Noxred1,0,0,0,0,0,8,13,16,17,26
Snap91,0,0,0,0,0,23,9,11,13,14
Aldh1a7,288,0,19,0,56,3,17,196,88,30
Chchd1,545,495,627,363,722,389,673,296,705,336
Usp12,1613,1217,1787,864,2070,1128,1680,970,1734,1122
Hmgb1-rs17,0,0,0,0,0,0,1,1,0,1
Mir6968,0,0,0,0,0,0,0,0,0,2
Spag16,0,0,0,0,0,0,2,0,19,25
Ankrd1,146,0,35,13,102,21,161,32,155,653
Klhdc2,1023,488,824,584,1101,523,889,659,1545,736
Sfn,0,57955,4596,1681,3454,2136,3000,2827,2689,605
B230209E15Rik,0,0,0,0,0,0,0,0,3,0
Gmcl1,712,921,759,406,1000,564,837,537,925,445
Gm14634,0,0,0,0,0,3,4,7,3,2
Irs2,1044,1707,453,140,577,170,332,868,665,484
Pak4,527,2096,1622,768,1972,822,1500,936,1492,747
Stat5b,1110,929,1592,715,1651,720,1093,930,2246,1412
Stox2,298,1338,588,517,1021,423,945,908,966,865
Nr1i3,0,0,0,0,0,1,4,1,7,1
Adra1a,0,0,26,0,0,13,6,49,29,46
Timp3,4201,1223,9153,7548,25464,2566,5487,4718,15305,4342
Defb30,0,0,0,0,0,0,0,0,0,1
Foxa2,0,0,81,112,486,43,199,88,117,93
Magohb,97,113,79,37,124,65,102,69,163,95
Trim72,0,41,0,0,13,41,125,22,34,116
Cyp2e1,568,0,0,0,231,1,75,1101,554,2056
Gm11978,0,0,0,0,0,1,0,0,0,0
Zmiz2,788,2131,1464,887,1906,988,1398,1365,1542,1172
Gm7977,0,0,0,0,0,0,0,0,0,0
Ttc30a2,0,0,0,0,0,4,0,3,4,1
Naip2,384,172,727,377,1132,539,722,390,673,585
Asah2,852,489,1610,943,2573,663,1216,498,1925,656
Adcy7,1683,852,2284,1224,3169,653,1378,912,2396,1103
Uck1,950,607,712,385,757,481,696,476,1136,587
Sult2a4,0,0,0,0,0,0,0,0,0,0
Lmo1,149,623,32,9,147,28,132,265,206,32
Mir544,0,0,0,0,0,0,0,0,0,0
Ceacam2,0,0,0,0,0,23,53,10,11,3
Neurod1,0,0,0,0,0,0,0,0,0,0
Ccndbp1,736,699,657,415,973,495,781,469,1008,553
1700025G04Rik,2607,1426,1622,904,1805,1197,1926,918,1563,1019
Dolk,590,220,384,127,518,221,354,264,552,224
Serpina3m,82,0,7,0,0,0,31,27,30,42
Sox8,0,0,0,0,0,11,20,37,117,12
Sema3b,152,7,557,425,1024,237,692,388,741,475
Tbc1d9b,3334,2023,3313,1910,4030,1798,2776,2046,4143,2029
Dctn1,3754,5112,4173,2023,4448,1964,3151,2333,3775,2425
4932416K20Rik,0,0,0,0,0,0,0,0,0,0
Shisa3,56,0,278,133,899,27,583,9,122,118
Safb,2601,2682,2872,1467,3620,1615,2184,1648,2978,1924
Hist2h2ac,457,622,840,571,1714,162,1277,324,1188,472
Fmr1nb,0,0,0,0,0,0,6,0,1,0
Mir1929,0,0,0,0,0,6,4,5,1,0
4930552P12Rik,0,0,0,0,0,1,0,0,0,2
Rpl13a,9130,21651,15345,7679,18221,7035,13386,7824,17370,6618
Tmem132e,0,0,62,32,28,19,98,56,43,95
Pomgnt2,186,63,270,89,303,130,287,160,366,144
Scarb1,2245,847,1841,654,1624,641,1106,858,5149,1549
Cd8b1,0,0,0,0,20,6,19,14,47,7
Pzp,0,0,0,0,0,0,6,1,1,5
Gch1,394,211,535,256,635,466,615,216,535,255
Rela,1528,1764,1946,1024,2136,1495,1938,1354,2077,1256
Lce1m,0,0,0,0,0,0,0,0,0,0
Usp18,109,3,1305,573,1577,808,1434,433,749,479
Pes1,1717,2075,2171,931,2597,1040,1935,824,2212,963
6030458C11Rik,888,962,1085,622,1407,845,1159,684,1176,868
Pou3f1,0,349,0,0,0,0,4,6,36,1
Catsperg1,0,0,0,0,0,27,43,16,34,47
Scarna3a,0,0,0,0,0,0,1,0,1,2
Tekt1,0,0,0,0,0,6,8,2,32,42
Ube2e1,853,928,965,534,1334,516,958,523,1165,453
Lipg,83,237,165,53,139,115,144,225,592,317
Ttc39a,103,612,1077,558,1979,1058,1682,529,905,397
Rgs13,0,0,0,0,0,0,0,1,126,2
Olfr1137,0,0,0,0,0,0,0,0,0,0
Zfp143,365,841,624,378,828,413,615,336,648,445
Prl8a6,0,0,0,0,0,0,0,0,0,0
Ppil4,643,1564,1261,777,1807,716,1030,684,1642,940
Ifna11,0,0,0,0,0,0,0,0,0,0
Sept5,915,4262,573,254,575,378,618,363,405,365
Pitpnm3,0,2259,210,129,232,218,281,221,164,181
Prl8a8,0,0,0,0,0,0,0,0,0,0
Syt11,274,22,487,330,645,270,637,363,774,420
Ifnab,0,0,0,0,0,0,0,0,0,0
Fgl2,983,352,3017,1115,2818,2008,3180,2018,4675,2305
Cnga1,71,0,0,0,0,0,0,0,9,0
Cys1,0,0,8,24,24,39,77,79,222,76
Lat,0,0,0,0,13,16,32,26,34,32
Lmcd1,1540,0,268,136,264,79,246,576,476,254
